Wijk,sdnn_1_man,sdnn_1_vrouw,sdnn_1_anders,rmssd_1_man,rmssd_1_vrouw,rmssd_1_anders,nn50_1_man,nn50_1_vrouw,nn50_1_anders,pnn50_1_man,pnn50_1_vrouw,pnn50_1_anders,sdnn_2_man,sdnn_2_vrouw,sdnn_2_anders,rmssd_2_man,rmssd_2_vrouw,rmssd_2_anders,nn50_2_man,nn50_2_vrouw,nn50_2_anders,pnn50_2_man,pnn50_2_vrouw,pnn50_2_anders,HR1_man,HR1_vrouw,HR1_anders,HR2_man,HR2_vrouw,HR2_anders,MinHR1_man,MinHR1_vrouw,MinHR1_anders,MinHR2_man,MinHR2_vrouw,MinHR2_anders,MaxHR1_man,MaxHR1_vrouw,MaxHR1_anders,MaxHR2_man,MaxHR2_vrouw,MaxHR2_anders,STDHR1_man,STDHR1_vrouw,STDHR1_anders,STDHR2_man,STDHR2_vrouw,STDHR2_anders,c BD 1 gem_man,c BD 1 gem_vrouw,c BD 1 gem_anders,c BD 2 gem_man,c BD 2 gem_vrouw,c BD 2 gem_anders,c chol1 gem_man,c chol1 gem_vrouw,c chol1 gem_anders,c chol2 gem_man,c chol2 gem_vrouw,c chol2 gem_anders,c bs1 gem_man,c bs1 gem_vrouw,c bs1 gem_anders,c bs2 gem_man,c bs2 gem_vrouw,c bs2 gem_anders,c bmi1 gem_man,c bmi1 gem_vrouw,c bmi1 gem_anders,c bmi2 gem_man,c bmi2 gem_vrouw,c bmi2 gem_anders,HR Diff_man,HR Diff_vrouw,HR Diff_anders,mvc Bloeddruk (Bovendruk) 1_man,mvc Bloeddruk (Bovendruk) 1_vrouw,mvc Bloeddruk (Bovendruk) 1_anders,mvc Bloeddruk (Bovendruk) 2_man,mvc Bloeddruk (Bovendruk) 2_vrouw,mvc Bloeddruk (Bovendruk) 2_anders,mvc Cholesterol 1_man,mvc Cholesterol 1_vrouw,mvc Cholesterol 1_anders,mvc Cholesterol 2_man,mvc Cholesterol 2_vrouw,mvc Cholesterol 2_anders,mvc Non-HDL 1_man,mvc Non-HDL 1_vrouw,mvc Non-HDL 1_anders,mvc Non-HDL 2_man,mvc Non-HDL 2_vrouw,mvc Non-HDL 2_anders,mvc Bloedsuiker 1_man,mvc Bloedsuiker 1_vrouw,mvc Bloedsuiker 1_anders,mvc Bloedsuiker 2_man,mvc Bloedsuiker 2_vrouw,mvc Bloedsuiker 2_anders,mvc BMI 1_man,mvc BMI 1_vrouw,mvc BMI 1_anders,mvc BMI 2_man,mvc BMI 2_vrouw,mvc BMI 2_anders,leeftijdscategorie
Bijlmer-Centrum,47.8,47.94,46.72,81.74,85.86,86.38,5.59,4.83,5.46,3.67,3.22,3.25,172.62,156.31,169.77,256.42,258.4,273.28,89.54,93.6,90.26,66.87,67.33,62.8,70.27,71.18,71.25,73.94,74.36,69.33,69.21,67.07,66.94,64.46,67.08,71.77,86.47,87.79,91.44,73.52,80.2,77.8,1.86,1.7,1.55,1.51,1.33,1.72,1.51,1.61,1.35,1.4,1.48,1.63,2.24,1.96,2.12,1.51,1.78,1.56,1.63,1.37,1.38,1.45,1.63,1.73,2.11,2.27,2.12,2.83,3.01,2.97,-1.69,-1.9,-1.84,>180,120-140,120-140,140-180,140-180,140-180,5-6.5,5-6.5,5-6.5,6.5-8,5-6.5,5-6.5,>3.8,>3.8,>3.8,<3.8,>3.8,>3.8,7.8-11,7.8-11,7.8-11,7.8-11,7.8-11,7.8-11,25-30,25-30,25-30,25-30,>30,25-30,40-50
Bijlmer-Centrum,46.56,51.69,50.33,86.64,84.35,84.35,4.97,5.28,5.15,3.71,3.49,3.11,169.54,157.72,161.47,263.52,265.53,283.43,84,93.44,90.73,62.69,65.83,68.27,76.13,72.55,72.18,67.18,72.73,67.88,72.09,75.03,67.06,62.93,67.22,71.79,88.74,91.64,80.14,77.31,70.26,72.52,1.86,1.73,1.55,1.64,1.4,1.67,1.61,1.78,1.32,1.46,1.4,1.84,2.38,1.9,2.08,1.41,1.67,1.52,1.52,1.36,1.31,1.44,1.72,1.53,1.86,2.36,2.32,2.67,2.96,2.77,-1.89,-2.13,-2.06,<120,<120,<120,<120,120-140,<120,5-6.5,<5,<5,<5,6.5-8,<5,<3.8,>3.8,>3.8,<3.8,<3.8,<3.8,<7.8,<7.8,<7.8,<7.8,<7.8,<7.8,18.5-25,25-30,18.5-25,>30,18.5-25,18.5-25,50-60
Bijlmer-Centrum,50.32,51.76,50.55,79.23,83.27,78.36,5.33,5.08,5.46,3.64,3.57,3.45,154.68,170.39,168.71,264.29,261.46,279.84,85.21,85.38,91.89,63.38,59.2,61.19,77.06,77.89,73.61,73.26,74.49,67.56,70.49,66.1,70.49,69.07,67.18,66.37,83.33,90.81,90.1,75.59,76.97,73.87,1.92,1.85,1.6,1.5,1.41,1.78,1.67,1.75,1.49,1.59,1.47,1.68,2.16,1.98,2.06,1.55,1.71,1.54,1.53,1.46,1.43,1.35,1.68,1.55,2.11,2.34,2.35,2.78,2.82,3.02,-1.73,-1.95,-1.89,<120,>180,>180,140-180,>180,>180,>8,<5,<5,>8,>8,>8,>3.8,>3.8,>3.8,>3.8,>3.8,>3.8,<7.8,<7.8,>11.1,>11.1,>11.1,>11.1,<18.5,<18.5,>30,18.5-25,<18.5,<18.5,60-70
Bijlmer-Oost,30.82,28.28,30.14,15.34,15.67,15.29,1.27,0.95,1.2,0.49,0.88,0.6,843.48,834.98,801.66,1091.59,1169.9,1079.6,48.89,52.53,48.88,56.22,57.47,55.75,78.22,72.12,78.56,73.2,75.89,70,70.35,72.1,77.04,69.88,67.77,65.73,79,84.51,82.16,76.39,73.19,77.37,2.12,2.57,2.34,3.22,3.1,3.24,1.68,1.64,1.31,2.72,3.12,2.9,1.64,1.57,1.43,3.64,3.66,3.67,2.83,2.62,2.46,1.68,1.47,1.46,2.68,2.74,2.89,2.64,2.67,3.08,-4.29,-4.33,-4.18,140-180,120-140,>180,>180,140-180,<120,5-6.5,5-6.5,5-6.5,5-6.5,6.5-8,5-6.5,<3.8,>3.8,<3.8,<3.8,>3.8,>3.8,7.8-11,7.8-11,7.8-11,7.8-11,7.8-11,7.8-11,25-30,25-30,>30,18.5-25,18.5-25,18.5-25,40-50
Bijlmer-Oost,30.49,28.28,29.78,15.85,16.21,15.74,1.17,0.93,1.3,0.52,0.85,0.63,773.43,791.61,830.48,1084.46,1132.42,1109.42,48.72,51.08,51.72,56.85,55.3,53.21,71.92,79.44,81.52,68.13,69.26,70.53,74.82,68.7,69.33,72.74,65.4,65.37,78.13,88.37,87.27,84.01,73.68,73.26,2.36,2.53,2.42,3.36,3.21,3.09,1.68,1.48,1.36,2.92,2.87,2.89,1.68,1.58,1.41,3.34,3.49,3.31,2.76,2.36,2.43,1.63,1.36,1.57,2.87,2.92,2.93,2.85,2.57,2.92,-4.45,-4.5,-4.34,140-180,140-180,120-140,<120,120-140,120-140,<5,<5,6.5-8,<5,5-6.5,<5,<3.8,<3.8,>3.8,<3.8,>3.8,>3.8,7.8-11,<7.8,<7.8,7.8-11,<7.8,<7.8,25-30,25-30,18.5-25,18.5-25,18.5-25,18.5-25,50-60
Bijlmer-Oost,31,32.69,32.26,15.66,15.01,14.63,1.23,1.06,1.3,0.53,0.89,0.62,831.21,833.59,854.37,1086.13,1128.63,1035.44,51.12,51.72,50.62,51.5,51.27,54.91,78.83,75.9,82.02,68.14,73.44,73.84,75.57,69.98,76.42,72.16,72.14,62.96,83.26,83.32,83.64,77.59,78.07,73.5,2.2,2.28,2.44,3.3,3.07,3.16,1.56,1.49,1.33,2.7,3,2.83,1.77,1.72,1.36,3.25,3.5,3.68,2.71,2.61,2.66,1.7,1.43,1.47,2.74,3.11,2.93,2.6,2.66,3.02,-4.39,-4.43,-4.28,>180,>180,<120,>180,>180,120-140,>8,>8,5-6.5,>8,>8,<5,<3.8,>3.8,<3.8,>3.8,>3.8,>3.8,>11.1,>11.1,>11.1,>11.1,>11.1,>11.1,>30,25-30,18.5-25,<18.5,<18.5,25-30,60-70
Bijlmer-West,932.4,838.38,927.93,952.57,940.39,978.16,34.45,35.71,36.95,38.63,41.05,40.84,46.76,50.75,48.05,64.82,66.22,64.97,13.11,12.5,12.61,10.31,10.57,10.93,65.38,71.03,62.67,60.68,65.84,63.3,61.5,55.46,61.85,55.23,57.39,60.99,77.21,77.78,75.04,61.78,67.59,62.36,5.25,5.31,5.26,1.6,1.43,1.52,3.02,3.08,2.75,1.45,1.72,1.61,1.97,2.22,2.37,2.09,2.22,2.28,2.58,2.71,2.63,1.62,1.49,1.35,2.64,2.69,2.62,3.15,3.03,2.9,-5.25,-5.1,-5.1,120-140,140-180,120-140,>180,120-140,140-180,5-6.5,6.5-8,5-6.5,5-6.5,5-6.5,5-6.5,<3.8,>3.8,<3.8,>3.8,<3.8,<3.8,>11.1,>11.1,>11.1,7.8-11,7.8-11,7.8-11,>30,25-30,25-30,25-30,25-30,25-30,40-50
Bijlmer-West,944.03,884.76,858.21,982.2,949.63,930.96,38.29,39.57,37.88,41.58,37.19,39.03,51.73,46.36,51.07,60.14,59.59,64.24,11.54,12.13,13.2,10.26,10.13,11.07,67.51,64.39,65.45,59.75,58.27,62.11,56.39,60.28,60.36,54.59,56.17,59.99,79.74,76.18,76.33,62.34,67.78,67.05,4.81,4.88,5.61,1.65,1.32,1.59,2.94,2.8,2.69,1.31,1.72,1.47,2.19,2.32,2.52,2.08,2.19,2.36,2.62,2.42,2.3,1.57,1.69,1.36,2.78,2.89,2.96,2.81,2.96,2.77,-4.97,-4.84,-4.83,140-180,<120,120-140,<120,140-180,120-140,<5,<5,5-6.5,<5,<5,<5,<3.8,<3.8,<3.8,<3.8,>3.8,<3.8,<7.8,<7.8,<7.8,<7.8,<7.8,<7.8,18.5-25,18.5-25,18.5-25,25-30,18.5-25,18.5-25,50-60
Bijlmer-West,848.53,896.42,931.02,998.66,917.25,1056.83,37.22,36.85,36.83,39.52,41.11,42.69,48.8,51.27,48.88,63.85,60.55,65.83,11.51,13.18,13.05,11.34,9.83,10.91,70.09,65.68,65.09,61.53,61.87,65.09,62.89,62.81,59.76,60.43,59.29,61.05,78,71.51,72.01,64.31,65.15,63.79,5.42,4.83,5.41,1.67,1.49,1.56,3.2,3.14,2.74,1.42,1.62,1.54,2.15,2.26,2.32,1.9,2.24,2.26,2.41,2.62,2.43,1.79,1.55,1.42,2.92,2.95,2.91,2.78,2.99,2.85,-5.44,-5.29,-5.28,<120,120-140,>180,<120,<120,140-180,>8,>8,>8,>8,>8,>8,>3.8,<3.8,>3.8,<3.8,>3.8,>3.8,<7.8,>11.1,>11.1,>11.1,>11.1,>11.1,<18.5,>30,<18.5,<18.5,>30,<18.5,60-70
Bos en Lommer,390.31,383.12,365.54,552.98,549.9,609.25,44.85,49.45,46.37,36.12,36.97,36.09,535.59,579.64,547.23,748.82,677.41,745.58,43.7,42.99,41.53,39.3,34.17,36.73,83.32,79.99,86.06,76.24,69.81,68.66,79.96,79.53,71.32,64.34,66.34,67.92,87.85,89.41,93.71,84.64,86.99,90.7,1.86,2.01,2.1,8.18,8.32,8.49,1.76,1.81,1.7,1.78,1.37,1.44,1.57,1.65,1.53,3.18,3.32,3.04,1.5,1.39,1.41,2.18,2.32,2.04,2.05,2.18,2.26,1.96,2.18,2.12,-10.63,-10.54,-10.6,120-140,120-140,>180,140-180,120-140,140-180,5-6.5,5-6.5,6.5-8,5-6.5,6.5-8,5-6.5,>3.8,>3.8,>3.8,>3.8,>3.8,>3.8,>11.1,7.8-11,>11.1,7.8-11,7.8-11,>11.1,25-30,25-30,25-30,25-30,25-30,25-30,40-50
Bos en Lommer,411.34,399.09,371.73,594.06,592.52,608.57,45.53,47.34,47.52,35.12,36.67,35.75,522.64,579.88,549.05,703.61,675.54,697.02,41.42,38.51,40.49,36.84,39.44,38.31,90.69,84.8,85.16,71.08,71.91,70.76,72.44,76.18,78.74,68.6,60.47,66.24,92.4,93.48,88.17,91.29,87.34,81.11,1.92,2.06,2.33,7.77,8.27,8.35,1.69,1.62,1.59,1.71,1.4,1.49,1.56,1.56,1.58,2.88,3.11,3.13,1.48,1.39,1.51,2.29,2.18,1.79,1.97,2.26,2.04,1.77,2.28,2.07,-10.64,-10.56,-10.62,120-140,120-140,<120,120-140,<120,<120,<5,5-6.5,<5,5-6.5,5-6.5,5-6.5,<3.8,<3.8,<3.8,<3.8,<3.8,>3.8,<7.8,7.8-11,<7.8,<7.8,<7.8,<7.8,<18.5,18.5-25,>30,25-30,18.5-25,18.5-25,50-60
Bos en Lommer,386.08,376.18,409.96,593.3,592.15,564.69,49.99,48.82,49.88,33.52,35.7,35.14,569.43,544.04,508.81,689.72,682.26,704.27,39.35,43.55,43.67,37.45,38.85,37.68,84.76,88.58,79.46,68.42,69.81,74.83,79.38,80.56,74.66,66.38,66.5,67.9,92.76,91.77,87.04,86.79,82.82,82.34,2.03,2.1,2.32,8.13,7.69,7.81,1.59,1.68,1.65,1.76,1.42,1.53,1.52,1.63,1.5,3.07,3.35,2.95,1.51,1.42,1.46,2.38,2.33,1.88,1.82,2.18,2.15,1.76,2.17,1.93,-10.98,-10.89,-10.96,120-140,>180,<120,140-180,>180,>180,5-6.5,<5,5-6.5,<5,>8,>8,>3.8,>3.8,>3.8,<3.8,<3.8,<3.8,>11.1,>11.1,>11.1,>11.1,>11.1,>11.1,18.5-25,18.5-25,<18.5,<18.5,<18.5,>30,60-70
Buitenveldert, Zuidas,48.12,54.25,54,50.6,54.59,50.03,2.82,3.3,2.7,1.63,1.62,2.02,174.91,175.81,175.2,207.62,218.01,220.46,21.58,23.52,22.73,15.32,15.87,15.15,84.73,75.97,78.52,66.01,71.86,68.06,76.74,76.52,75.76,62.15,64.68,61.83,92.7,85.45,86.06,80.23,85.98,81.48,2.08,1.91,2.04,5.39,5.25,5.54,2.06,1.93,2.06,3.18,2.9,2.86,1.69,1.57,1.44,3,3.02,2.75,1.65,1.37,1.33,1.74,1.45,1.46,2.35,2.16,2.01,1.89,1.85,2.11,-11.66,-11.74,-11.59,140-180,120-140,>180,120-140,>180,>180,5-6.5,5-6.5,6.5-8,>8,>8,6.5-8,>3.8,>3.8,>3.8,<3.8,<3.8,<3.8,7.8-11,7.8-11,7.8-11,7.8-11,7.8-11,7.8-11,>30,18.5-25,25-30,>30,25-30,>30,40-50
Buitenveldert, Zuidas,55.24,51.9,50.79,49.87,52.03,52.56,2.97,3.32,2.73,1.73,1.75,1.92,190.52,192.57,194.09,213.52,222.3,208.34,23.23,23.92,21.91,16.5,17.01,17.21,79.73,84.98,86.14,72.49,66.36,67.2,71.89,69.7,71.98,59.12,66.1,61.4,88.18,91.14,83.77,77.42,82.87,87.6,2.13,1.95,2.09,5.38,5.5,5.12,1.98,2.1,2.09,2.99,3.06,2.81,1.63,1.48,1.48,2.84,3.1,2.94,1.67,1.54,1.33,1.8,1.47,1.46,2.27,2.2,2.02,2.16,1.96,2.16,-11.43,-11.5,-11.35,<120,140-180,120-140,<120,<120,>180,5-6.5,<5,<5,<5,<5,<5,>3.8,<3.8,>3.8,<3.8,>3.8,<3.8,<7.8,<7.8,<7.8,<7.8,7.8-11,<7.8,18.5-25,25-30,18.5-25,<18.5,18.5-25,>30,50-60
Buitenveldert, Zuidas,48.98,48.66,51.53,54.18,54.32,55.49,3.01,3.11,2.99,1.7,1.86,1.86,178.27,195.37,178.93,221.5,222.81,213.48,23.69,22.61,21.41,16.93,16.67,15.94,86.15,83.5,81.16,69.21,74.44,64.86,70.93,77.18,77.39,66,62,65.48,88.68,90.32,85.93,83.6,78.74,79.48,2,2.2,1.9,5.26,4.95,4.84,2.07,2.11,2.11,2.81,2.97,2.71,1.64,1.42,1.46,2.77,2.92,3.14,1.62,1.54,1.37,1.61,1.39,1.47,2.2,2.03,1.97,1.94,1.87,2.04,-11.18,-11.25,-11.11,>180,>180,>180,<120,120-140,>180,5-6.5,>8,>8,>8,>8,>8,>3.8,<3.8,<3.8,>3.8,>3.8,>3.8,>11.1,<7.8,>11.1,>11.1,>11.1,>11.1,<18.5,18.5-25,<18.5,<18.5,<18.5,18.5-25,60-70
Centrum-Oost,134.97,130.74,137.77,191.82,203.4,175.91,72.82,72.28,64.79,51.45,50.92,52.67,45.49,46.97,44.03,37.98,37.19,36.33,3.11,3.12,3.11,2.14,2.05,1.93,68.87,74.23,68.3,95.77,94.77,97.82,69.29,68.42,67.91,78.44,70.68,75.63,80.79,79.48,79.5,107.68,109.14,109.57,3.75,3.31,3.76,6.68,6.61,6.22,1.45,1.54,1.79,1.44,1.77,1.62,1.37,1.52,1.44,1.67,1.38,1.45,1.58,1.48,1.68,2.08,2.01,2.11,3.22,3.55,3.95,2.17,2.14,1.96,19.95,19.87,20.08,140-180,120-140,140-180,>180,140-180,140-180,5-6.5,>8,5-6.5,5-6.5,>8,<5,>3.8,>3.8,>3.8,>3.8,>3.8,>3.8,7.8-11,7.8-11,7.8-11,7.8-11,7.8-11,7.8-11,>30,25-30,25-30,>30,18.5-25,25-30,40-50
Centrum-Oost,133.98,125.78,133.88,178.32,197.62,182.98,65.89,65.13,72.95,52.54,53.31,54.49,44.18,49.48,48.22,41.5,39.92,37.04,2.84,3.21,3.06,2.13,1.95,2.06,75.68,69.18,69.65,87.58,88.63,99.49,62.12,67.73,65.07,74.8,72.19,77.24,81.18,83.88,77.3,107.78,107.96,107.1,3.49,3.6,3.7,6.63,6.82,6.68,1.37,1.39,1.8,1.58,1.78,1.61,1.34,1.56,1.57,1.69,1.4,1.45,1.58,1.46,1.66,2.23,1.95,1.92,3.32,3.8,3.48,2.26,1.96,2,21.53,21.44,21.67,<120,120-140,<120,120-140,<120,120-140,<5,5-6.5,<5,<5,<5,5-6.5,<3.8,>3.8,<3.8,>3.8,>3.8,<3.8,<7.8,7.8-11,>11.1,<7.8,<7.8,7.8-11,18.5-25,25-30,18.5-25,18.5-25,25-30,18.5-25,50-60
Centrum-Oost,124.18,125.84,131.05,201.68,196.78,199.96,70.64,66.87,71.98,53.26,50.85,50.91,47.51,46.15,46.24,39.9,39.83,36.29,2.87,3.13,3.41,2.12,2.05,1.93,72.39,73.48,78.47,88.75,89.86,93.16,70.68,67.48,62.06,78.62,72.28,70.71,80.51,79.63,84.38,114.63,112.09,114.78,3.63,3.78,4.03,6.83,6.22,6.31,1.43,1.45,1.67,1.44,1.82,1.75,1.27,1.53,1.52,1.82,1.31,1.42,1.58,1.41,1.59,2.31,1.96,2,3.25,3.42,3.51,2.39,1.94,1.91,21.21,21.12,21.34,<120,<120,140-180,<120,>180,<120,<5,>8,6.5-8,>8,<5,6.5-8,<3.8,>3.8,>3.8,>3.8,<3.8,>3.8,>11.1,>11.1,>11.1,>11.1,>11.1,<7.8,<18.5,<18.5,18.5-25,<18.5,18.5-25,25-30,60-70
Centrum-West,26.08,27.63,27.02,17.02,17.21,16.53,0.89,1.27,0.91,0.6,0.71,0.45,29.21,30.48,29.46,28.72,27.34,27.63,4.59,3.78,4.1,8.66,8.17,8.15,83,79.36,85.37,61.78,66.47,62.82,75.58,80.47,73.93,63.57,63.64,59.35,84.4,87.15,92.55,65.48,67.71,65.87,2.84,2.77,2.23,1.56,1.26,1.26,2.28,2.3,2.31,2.23,2.21,2.1,1.63,1.43,1.74,1.71,1.47,1.37,2,1.77,2.07,2.02,2.35,2.09,2.02,2.08,1.79,3.29,3.25,3.73,-16.92,-16.57,-16.86,120-140,140-180,120-140,120-140,140-180,140-180,5-6.5,6.5-8,5-6.5,5-6.5,5-6.5,5-6.5,>3.8,>3.8,>3.8,>3.8,>3.8,>3.8,>11.1,7.8-11,7.8-11,7.8-11,7.8-11,7.8-11,>30,25-30,25-30,>30,25-30,25-30,40-50
Centrum-West,24.7,25.49,25.65,15.37,16.91,16.79,0.98,1.15,0.83,0.56,0.73,0.48,32.33,29.24,29.49,27.12,30.98,29.51,4.02,3.88,3.95,8.43,8.74,8.26,87.09,87.51,81.59,64.55,67.09,62.88,80.48,76.28,76.6,59.2,61.03,62.48,83.96,86.87,91.61,67.68,70.57,65.02,2.67,2.84,2.21,1.54,1.37,1.33,2.17,2.09,2.22,2.08,2.24,2.11,1.51,1.45,1.71,1.56,1.39,1.32,2.07,1.87,2.26,1.89,2.23,2.18,2.02,2.22,1.96,3.22,3.58,3.66,-16.65,-16.31,-16.59,140-180,120-140,<120,<120,<120,<120,>8,<5,5-6.5,<5,<5,5-6.5,<3.8,<3.8,<3.8,<3.8,<3.8,>3.8,<7.8,7.8-11,<7.8,<7.8,<7.8,7.8-11,18.5-25,25-30,>30,18.5-25,18.5-25,25-30,50-60
Centrum-West,26.02,25.48,26.77,15.31,15.55,15.53,0.95,1.24,0.84,0.58,0.77,0.5,31.5,29.29,31.99,31.33,27.38,28.06,4.27,4.14,4.01,7.85,8.53,8.5,78.41,85.94,84.16,60.42,67.1,61.65,79.5,74.42,82.23,63.41,56.94,59.41,89.34,83.19,82.03,67.96,72.55,69.35,2.65,2.5,2.33,1.55,1.34,1.42,2.07,2.13,2.36,2.24,2.28,2.29,1.47,1.29,1.83,1.5,1.54,1.45,2.13,1.82,2.34,1.96,2.21,2.29,2.05,2.15,1.97,3.15,3.35,3.66,-17.9,-17.54,-17.84,<120,<120,<120,>180,140-180,<120,<5,>8,>8,5-6.5,6.5-8,>8,>3.8,>3.8,>3.8,>3.8,>3.8,<3.8,>11.1,>11.1,>11.1,>11.1,>11.1,>11.1,18.5-25,18.5-25,>30,25-30,<18.5,25-30,60-70
"De Aker, Sloten, Nieuw-Sloten",90.41,93.44,87.68,72.85,75.66,73.69,33.55,30.9,31.21,57.58,51.52,51.94,240.77,234.18,251.09,367.91,369.58,343.47,27.6,27.97,27.91,36.18,37.15,36.85,65.41,68.64,67.55,81.66,79.39,78.19,59.95,59.45,57.18,77.44,67.33,68.68,71.77,72.25,74.26,77.36,79.45,78.02,3.51,3.88,3.73,2.47,2.44,2.4,1.48,1.53,1.62,1.62,1.62,1.47,1.44,1.66,1.38,1.47,1.62,1.51,2.44,2.65,2.56,2.04,1.88,2.1,2.92,2.79,2.95,2.16,2.3,1.99,10.4,10.4,10.33,<120,140-180,120-140,>180,140-180,>180,5-6.5,5-6.5,>8,5-6.5,6.5-8,5-6.5,>3.8,<3.8,>3.8,>3.8,>3.8,<3.8,7.8-11,7.8-11,>11.1,7.8-11,7.8-11,>11.1,25-30,25-30,>30,<18.5,18.5-25,25-30,40-50
"De Aker, Sloten, Nieuw-Sloten",93.66,87.61,96.24,81.4,77.69,80.02,31.54,33.32,31.3,57.98,56.3,58.14,255.29,222.3,241.24,339.24,364.69,334.25,28.69,29.7,30.87,34.61,36.3,35.57,68.71,69.25,67.27,72.62,77.69,72.28,57.8,65.62,62.16,67.51,75.2,70.07,74.42,75.3,75.57,86.28,79.26,86.61,3.43,4.06,3.96,2.35,2.45,2.53,1.53,1.48,1.75,1.56,1.55,1.68,1.6,1.59,1.34,1.37,1.46,1.62,2.57,2.5,2.7,2.12,1.96,2,3.08,3.03,2.9,2.3,2.35,1.87,10.06,10.06,10,<120,120-140,<120,120-140,<120,120-140,6.5-8,5-6.5,<5,<5,<5,<5,<3.8,<3.8,<3.8,>3.8,<3.8,<3.8,<7.8,<7.8,7.8-11,7.8-11,<7.8,<7.8,18.5-25,25-30,>30,25-30,25-30,18.5-25,50-60
"De Aker, Sloten, Nieuw-Sloten",87.16,96.25,88.2,76.1,78.61,77.5,33.79,30.47,34.17,57.81,53.68,55.04,237.74,251.15,235.01,336.47,330.42,355.8,29.43,28.27,26.86,38.11,39.39,36.04,62.8,62.61,68.01,72.67,76.77,79.56,57.95,60.9,63.87,76.49,73.48,74.25,73.94,80.12,76.82,82.89,75.94,85.75,3.62,4.22,3.77,2.33,2.41,2.45,1.51,1.5,1.57,1.49,1.7,1.52,1.62,1.62,1.45,1.33,1.53,1.61,2.38,2.73,2.74,1.97,1.87,2.12,2.88,2.8,3,2.19,2.37,2.06,10.43,10.43,10.36,140-180,>180,140-180,>180,>180,120-140,5-6.5,5-6.5,>8,>8,>8,>8,>3.8,>3.8,>3.8,>3.8,>3.8,>3.8,<7.8,>11.1,<7.8,>11.1,>11.1,>11.1,<18.5,<18.5,<18.5,18.5-25,<18.5,<18.5,60-70
"De Pijp, Rivierenbuurt",28.92,29.49,26.63,22.19,24.11,21.18,4.05,4.31,3.85,3.1,2.93,3.14,404.49,370.11,392.36,619.2,597.15,591.88,10.02,10.85,9.8,9.78,9.01,9.67,65.3,68.19,68.88,56.8,56.75,56.09,60.65,61.09,68,55.27,54.56,54.64,79.33,85.69,82.22,63.58,65.48,64.07,4.58,4.88,5.13,2.47,2.6,2.5,1.5,1.68,1.53,3.19,2.87,3.28,1.58,1.8,1.71,1.43,1.74,1.53,1.45,1.51,1.57,1.4,1.6,1.66,1.88,1.96,2.29,2.66,3.13,2.83,-10.43,-10.53,-10.5,140-180,120-140,120-140,>180,140-180,120-140,>8,6.5-8,5-6.5,5-6.5,6.5-8,5-6.5,<3.8,>3.8,>3.8,>3.8,>3.8,>3.8,7.8-11,7.8-11,7.8-11,>11.1,7.8-11,7.8-11,25-30,>30,25-30,25-30,>30,25-30,40-50
"De Pijp, Rivierenbuurt",27.05,30.05,27.72,21.65,23.57,22.93,3.92,3.99,3.66,3.46,3.23,3.17,371.65,400.26,384.69,583.97,583.55,550.55,10.61,9.72,10.34,9.33,9.37,9.19,71.13,64.09,72.97,57.86,55.51,59.55,67.78,59.97,66.69,56.59,55.69,52.57,85.99,77.69,85.76,70.45,62.6,66.63,4.57,4.7,5.28,2.59,2.38,2.36,1.45,1.7,1.58,2.85,2.74,3.21,1.63,1.75,1.74,1.5,1.86,1.43,1.48,1.72,1.59,1.34,1.61,1.57,1.92,2,2.17,2.94,3.18,2.88,-10.03,-10.12,-10.1,120-140,<120,120-140,120-140,<120,120-140,<5,<5,5-6.5,6.5-8,6.5-8,5-6.5,<3.8,>3.8,>3.8,<3.8,<3.8,<3.8,<7.8,<7.8,>11.1,<7.8,<7.8,<7.8,18.5-25,18.5-25,25-30,25-30,18.5-25,18.5-25,50-60
"De Pijp, Rivierenbuurt",26.85,28.57,27.48,21.47,23.18,21.41,4.05,4.18,3.98,3.34,3.24,2.93,399.3,374,390.18,556.54,581.47,542.32,10.89,9.46,10.13,9.77,9.88,8.99,64.22,64.51,73.09,58.48,61.88,55.53,63.94,60.3,67.53,59.06,54.46,59.43,85.4,80.33,77.78,62.41,63.07,65.21,4.49,4.84,4.91,2.58,2.55,2.47,1.5,1.52,1.47,2.95,2.64,2.93,1.56,1.77,1.6,1.41,1.77,1.48,1.41,1.71,1.55,1.54,1.49,1.5,1.93,1.94,2.07,2.59,3.18,2.53,-9.63,-9.72,-9.69,<120,<120,>180,<120,<120,>180,>8,>8,>8,5-6.5,<5,>8,>3.8,<3.8,<3.8,>3.8,>3.8,>3.8,>11.1,>11.1,>11.1,>11.1,>11.1,<7.8,<18.5,<18.5,18.5-25,18.5-25,18.5-25,18.5-25,60-70
Gaasperdam,1661.64,1632.2,1725.53,2074.1,2264.95,2087.07,40.12,37.34,38.18,55.79,52.09,52.55,23.85,24.54,22.76,10.27,10.72,8.93,0.06,0,0,0,0,0.17,67.58,69.46,66.2,79.9,76.12,74.24,60.08,63.81,58.78,74.45,67.58,67.56,81.05,80.86,76.61,75.1,83.56,77.42,5.8,5.87,5.16,2.03,2.06,1.88,2.07,2.05,2.36,1.63,1.72,1.8,2.08,2.22,2.29,1.9,2.12,2.12,2.17,1.84,2.35,2.23,2.11,2.29,1.81,1.93,2.11,1.65,1.73,1.49,7.93,7.98,8,120-140,120-140,120-140,120-140,140-180,120-140,5-6.5,6.5-8,5-6.5,5-6.5,6.5-8,6.5-8,>3.8,<3.8,<3.8,>3.8,>3.8,>3.8,>11.1,7.8-11,7.8-11,7.8-11,7.8-11,7.8-11,18.5-25,>30,25-30,25-30,25-30,18.5-25,40-50
Gaasperdam,1729.27,1670.78,1719.83,2278.71,2104.79,2098.78,36.43,40.66,39.14,51.21,52.3,49.46,23.09,24.14,21.97,9.65,10.17,10.08,0.06,0,0,0,0,0.18,67.29,65.43,69.64,78.19,72.93,77.25,64.32,57.79,63.53,68.46,70.81,77.11,73.27,70.74,76.28,84.36,83.69,85.49,5.14,5.6,5.21,2.2,2.17,1.9,2.14,2.07,2.4,1.63,1.65,1.73,1.95,2.32,2.31,1.91,2.05,2.13,2.08,1.97,2.15,2.04,2.15,2.23,1.9,1.94,1.98,1.71,1.67,1.42,8.19,8.24,8.26,120-140,<120,<120,<120,120-140,>180,<5,5-6.5,5-6.5,<5,<5,5-6.5,>3.8,>3.8,<3.8,>3.8,<3.8,>3.8,7.8-11,<7.8,<7.8,<7.8,<7.8,<7.8,25-30,18.5-25,18.5-25,18.5-25,25-30,18.5-25,50-60
Gaasperdam,1680.89,1755.42,1710.45,2251.87,2045.05,2034.06,39.44,35.37,36.72,54.18,55.89,52.28,22.83,22.36,24.67,9.27,9.64,9.1,0.06,0,0,0,0,0.17,66.43,66.39,71.43,71.95,76.63,76.66,62.62,57.34,58.86,71.88,71.7,70.16,78.69,72.55,75.57,79.02,84.93,76.32,5.55,5.3,5.42,2.12,1.96,1.83,2.12,2.09,2.41,1.79,1.79,1.84,2.11,2.26,2.41,2.06,2.21,2.12,2.11,1.84,2.1,2.21,2.11,2.32,1.75,1.89,2.05,1.58,1.77,1.4,7.86,7.91,7.93,>180,>180,>180,>180,>180,<120,<5,<5,>8,5-6.5,6.5-8,>8,<3.8,>3.8,>3.8,>3.8,>3.8,>3.8,>11.1,>11.1,>11.1,>11.1,<7.8,>11.1,<18.5,<18.5,>30,<18.5,<18.5,<18.5,60-70
"Geuzenveld, Slotermeer",1070.63,1061.17,1125.84,1482.91,1522.79,1514.4,15.79,16,15.46,76.23,78.17,76.5,29.01,28.44,28.11,10.25,10.8,11.2,0.03,0,0,0,0,0.06,90.42,83.18,87.9,79.45,88.03,80.22,85.38,86.79,86.29,81.46,82.67,77.27,81.76,83.86,87.83,96.06,84.98,93.49,0.48,0.42,0.17,2.97,2.84,3.27,1.69,1.41,1.43,1.71,1.43,1.61,1.58,1.3,1.79,2.31,2.43,2.02,1.47,1.49,1.82,1.8,1.37,1.41,3.48,3.26,3.68,1.71,1.4,1.71,-2.37,-2.42,-2.23,>180,>180,140-180,120-140,120-140,140-180,6.5-8,5-6.5,6.5-8,5-6.5,<5,6.5-8,>3.8,>3.8,>3.8,>3.8,>3.8,<3.8,7.8-11,7.8-11,7.8-11,>11.1,>11.1,7.8-11,25-30,18.5-25,25-30,25-30,>30,25-30,40-50
"Geuzenveld, Slotermeer",1051.7,1097.87,1014.02,1473.41,1413.07,1505.39,15.44,17.5,16.03,80.2,84.7,80.78,31.06,27.46,27.93,10.86,10.6,10.43,0.03,0,0,0,0,0.05,89.9,84.18,82.69,77.49,82.93,88.7,84.91,82.65,84.29,77.74,74.87,81.53,82.37,89.03,90.81,85.66,87.25,86.07,0.48,0.39,0.16,3.17,3.17,3.48,1.6,1.3,1.3,1.82,1.56,1.81,1.72,1.36,1.75,2.54,2.37,1.92,1.45,1.53,1.8,1.84,1.42,1.45,3.6,3.36,3.74,1.59,1.43,1.74,-2.66,-2.72,-2.5,120-140,<120,140-180,140-180,<120,<120,<5,<5,<5,5-6.5,<5,<5,<3.8,<3.8,<3.8,>3.8,<3.8,<3.8,<7.8,<7.8,<7.8,<7.8,<7.8,>11.1,25-30,25-30,>30,18.5-25,18.5-25,18.5-25,50-60
"Geuzenveld, Slotermeer",1001.55,1033.63,1153.06,1487.12,1506.55,1513.53,15.12,16.61,17.1,76.86,81.7,80.11,28.83,30.86,30.94,10.34,10.3,9.94,0.03,0,0,0,0,0.05,89.96,80.59,81.24,79.28,89.05,85.9,81.98,86.28,88.53,78.69,83.8,79.72,83.33,81.77,85.1,93.63,91.77,93.02,0.52,0.39,0.16,2.97,3.02,3.61,1.58,1.42,1.33,1.83,1.45,1.72,1.59,1.32,1.72,2.37,2.16,2.05,1.41,1.48,1.86,1.8,1.42,1.4,3.28,3.54,3.76,1.5,1.44,1.61,-2.5,-2.55,-2.35,>180,120-140,<120,<120,>180,>180,<5,>8,<5,>8,>8,<5,>3.8,<3.8,>3.8,>3.8,>3.8,>3.8,<7.8,>11.1,>11.1,>11.1,<7.8,<7.8,18.5-25,<18.5,<18.5,<18.5,<18.5,<18.5,60-70
"IJburg, Zeeburgereiland",8197.55,8630.43,8966.76,9526.18,10209.8,10589.92,8.99,9.31,9.88,101.38,102.5,109,183.68,189.48,196.48,241.86,251.68,242.76,36.78,36.12,35.31,26.13,29.11,29.15,90.46,83.07,84.89,66.92,66.64,64.41,86.46,81.08,80.32,59.53,63.01,57.15,81.69,81.74,86.33,74.75,70.87,75.3,0.04,0.11,0,3.08,3.25,2.9,1.73,1.46,1.56,2.13,2.19,2.17,1.4,1.57,1.72,1.36,1.55,1.82,1.9,2.02,1.97,1.94,2.13,2.04,2.16,2.09,2.08,3.01,2.68,2.58,-18.24,-18.42,-18.02,120-140,120-140,120-140,>180,>180,120-140,>8,>8,5-6.5,6.5-8,6.5-8,>8,<3.8,>3.8,<3.8,>3.8,>3.8,>3.8,>11.1,7.8-11,7.8-11,7.8-11,7.8-11,7.8-11,18.5-25,18.5-25,18.5-25,25-30,25-30,25-30,40-50
"IJburg, Zeeburgereiland",9103.19,9061.68,8926.78,9944.94,9828.07,10336.53,9.72,9.09,8.58,96.09,95.56,102.82,184.81,197.93,194.7,237.78,253.71,258.65,35.78,34.23,35.93,28.51,28.66,26.11,79.67,87.71,79.52,64.7,67.84,67.02,87.39,83.11,87.02,64.99,64.82,60.19,78.61,84.26,88.24,70.49,69.64,75.86,0.05,0.12,0,3.36,3.23,3.05,1.59,1.34,1.56,2.14,2.46,2.02,1.6,1.72,1.73,1.38,1.64,1.85,1.93,2.03,2.14,1.97,2.23,2.05,2.07,1.93,2.07,2.86,2.52,2.84,-19.23,-19.42,-18.99,<120,>180,>180,140-180,<120,120-140,<5,<5,<5,5-6.5,<5,>8,<3.8,<3.8,<3.8,<3.8,<3.8,<3.8,<7.8,<7.8,<7.8,<7.8,<7.8,7.8-11,25-30,18.5-25,<18.5,18.5-25,<18.5,18.5-25,50-60
"IJburg, Zeeburgereiland",8884.99,8221.57,9068.87,10390.11,9657.8,10517.78,9.57,8.98,9.03,104.11,100.84,94.88,198.66,193.2,196.09,270.79,246.53,257.11,33.16,35,32.84,28.43,26.29,27.94,81.94,88.8,85.35,63.53,69.6,65.12,85.8,84.21,85.84,63.56,63.28,60.15,83.1,87.37,86.3,73.93,70.67,72.26,0.04,0.11,0,3.23,3.02,3.23,1.58,1.41,1.45,2.23,2.48,2.13,1.48,1.52,1.74,1.38,1.69,1.79,1.92,2.2,2.04,1.95,2.14,2.06,2.17,2.07,1.87,3.08,2.85,2.88,-17.53,-17.71,-17.31,>180,<120,<120,>180,120-140,>180,>8,>8,>8,<5,>8,<5,>3.8,>3.8,>3.8,<3.8,>3.8,>3.8,>11.1,>11.1,>11.1,<7.8,>11.1,<7.8,>30,18.5-25,>30,<18.5,<18.5,<18.5,60-70
"Indische Buurt, Oostelijk Havengebied",10414.89,11723.66,11574.77,13228.5,12765.59,13299.53,9.01,9.17,8.51,74.54,72.03,73.1,112.41,117.66,116.67,107.49,114.44,122.92,23.55,23.08,22.49,15.14,14.36,15.21,110.95,106.23,102.78,74.69,80.85,83.57,99.27,103.23,99.78,76.69,72.21,69.09,102.74,100.29,107.86,102.14,106.31,111.48,0,0.11,0.05,7,6.69,7,1.69,1.44,1.46,2.79,3.17,2.83,2.13,1.97,2.32,1.66,1.46,1.51,1.5,1.73,1.73,1.51,1.57,1.71,3.87,3.45,3.87,2.07,1.96,1.98,-25.44,-25.58,-25.34,140-180,120-140,>180,120-140,120-140,140-180,5-6.5,5-6.5,6.5-8,6.5-8,5-6.5,5-6.5,>3.8,>3.8,<3.8,<3.8,>3.8,>3.8,>11.1,>11.1,>11.1,7.8-11,7.8-11,7.8-11,25-30,25-30,25-30,25-30,25-30,>30,40-50
"Indische Buurt, Oostelijk Havengebied",11475.7,10286.31,11674.19,12062.84,12155.85,11911.44,9.38,8.83,8.8,80.04,76.89,77.78,125.83,120.56,110.15,108.57,118.43,114.11,24.17,22.37,21.15,13.27,15.28,13.82,103.34,102.19,97.86,77.1,79.49,84.85,105.02,102.55,109.23,71.79,67.9,67.94,97.71,97.32,102.01,106.21,105.66,99.82,0,0.1,0.05,6.12,6.96,6.66,1.66,1.51,1.53,2.93,2.84,2.88,2.19,2.1,2.17,1.56,1.34,1.48,1.65,1.73,1.6,1.47,1.74,1.76,3.75,3.7,3.68,1.82,2,2.19,-25.41,-25.55,-25.3,140-180,>180,<120,140-180,140-180,<120,5-6.5,<5,<5,<5,<5,<5,<3.8,<3.8,<3.8,<3.8,>3.8,<3.8,<7.8,<7.8,<7.8,<7.8,<7.8,<7.8,18.5-25,18.5-25,25-30,25-30,25-30,18.5-25,50-60
"Indische Buurt, Oostelijk Havengebied",11729.34,10952.33,10256.98,13173.77,12413.81,12401.9,9.56,8.81,8.84,76.34,79.09,81.62,111.88,112.46,112.98,110.2,110.41,109.99,21.33,21.89,23.5,14.59,13.94,15.01,100.33,103.42,108.98,75.6,74.64,81.9,101.27,103.82,103.92,73.9,77.11,69.46,105.97,104.28,101.17,103.52,107.06,108.43,0,0.1,0.05,6.16,6.59,6.56,1.62,1.59,1.46,2.97,3.02,3.03,2.21,1.95,2.21,1.68,1.51,1.53,1.63,1.74,1.79,1.55,1.77,1.82,3.85,3.46,3.7,1.9,1.94,2.27,-25.38,-25.51,-25.27,>180,<120,>180,<120,>180,120-140,>8,>8,>8,>8,>8,<5,<3.8,>3.8,>3.8,>3.8,>3.8,>3.8,<7.8,>11.1,>11.1,>11.1,>11.1,>11.1,>30,18.5-25,18.5-25,>30,<18.5,<18.5,60-70
Noord-Oost,7731.69,7805.07,7755.73,4498.76,4538.45,4296.6,4.73,5.54,5.44,16.78,17.87,17.09,167.64,151.39,165.99,164.49,175.29,177.39,28.62,29.01,27.89,16.53,18.56,18.27,84.75,80.76,83.71,81.89,81.14,83.09,85.5,84.17,83.1,74.75,72.93,78.61,89.31,80.66,89.02,82.04,78.85,86.47,1.5,1.31,1.52,2.05,2.1,2.07,1.41,1.34,1.84,1.51,1.28,1.73,1.9,2.37,2.28,1.66,1.44,1.63,1.67,1.73,1.81,1.47,1.39,1.48,1.88,2.2,2.3,2.81,2.68,2.87,-5.15,-4.93,-5.03,120-140,120-140,120-140,120-140,140-180,140-180,6.5-8,5-6.5,6.5-8,6.5-8,5-6.5,5-6.5,>3.8,>3.8,<3.8,>3.8,>3.8,<3.8,7.8-11,7.8-11,>11.1,7.8-11,7.8-11,7.8-11,18.5-25,25-30,>30,25-30,<18.5,25-30,40-50
Noord-Oost,8613.98,8262.64,8657.58,4897.67,4890.84,4859.37,5.13,4.94,5.61,19.22,18.63,19.53,159.88,159.42,150.71,170.41,171.11,182.02,30.68,30.65,28.83,17.6,17.15,18.03,83.7,85.21,85.66,79.46,74.21,74.12,78.33,76.47,81.44,72.9,75.62,72.87,80.2,88.67,88.39,80.46,80.74,80.84,1.37,1.38,1.55,2.13,2.2,2.14,1.48,1.5,1.77,1.51,1.41,1.75,1.91,2.24,2.29,1.8,1.58,1.61,1.72,1.57,1.71,1.39,1.45,1.49,1.84,1.97,2.26,2.81,2.63,2.83,-5.04,-4.83,-4.93,<120,120-140,<120,<120,<120,<120,<5,<5,<5,<5,5-6.5,5-6.5,<3.8,<3.8,<3.8,>3.8,<3.8,<3.8,<7.8,<7.8,<7.8,<7.8,<7.8,7.8-11,18.5-25,18.5-25,18.5-25,18.5-25,18.5-25,18.5-25,50-60
Noord-Oost,8514.73,8772.48,7870.94,4846.77,4637.75,4417.47,5.28,4.89,5.17,19.18,16.92,17.59,151.53,159.54,168.35,168.91,160.48,158.85,27.22,29.37,27.12,17.46,17.94,16.65,85.28,86.82,78.76,82.54,79.18,83.52,84.41,85.22,84.13,76.36,76.5,74.94,83.83,79.43,84.22,80.22,85.49,87.44,1.37,1.36,1.58,2.26,2.19,2.13,1.42,1.39,1.63,1.51,1.29,1.65,2.06,2.46,2.49,1.77,1.56,1.81,1.63,1.77,1.73,1.43,1.49,1.43,1.84,2.04,2.15,3.04,2.6,3.17,-4.86,-4.66,-4.75,>180,120-140,<120,>180,<120,140-180,>8,>8,>8,>8,>8,>8,>3.8,>3.8,>3.8,>3.8,>3.8,>3.8,>11.1,>11.1,<7.8,>11.1,>11.1,>11.1,<18.5,18.5-25,18.5-25,<18.5,<18.5,<18.5,60-70
Noord-West,28.47,28.34,31.41,23.72,26.05,23.67,5.36,4.97,5.23,2.24,2.61,2.43,224.65,240.09,230.66,216.99,228.93,236.77,15.78,14.83,15.72,9.54,10.51,9.01,112.98,108.48,105.65,87.52,90.23,83.13,107.1,97.99,97.14,85.95,77.85,77.01,111.85,113.24,118.02,85.97,85.14,88.5,2.73,2.88,3.07,1.37,1.27,1.41,1.56,1.35,1.58,1.7,1.38,1.51,1.47,1.35,1.48,1.72,1.51,1.58,2.1,1.9,2.19,2.04,2.18,2.16,2.88,2.77,2.93,3.17,2.84,2.55,-22.6,-22.63,-22.67,>180,120-140,120-140,140-180,120-140,120-140,5-6.5,5-6.5,5-6.5,6.5-8,5-6.5,5-6.5,>3.8,>3.8,>3.8,>3.8,<3.8,>3.8,7.8-11,7.8-11,>11.1,7.8-11,7.8-11,7.8-11,25-30,25-30,25-30,25-30,25-30,25-30,40-50
Noord-West,30.85,29.23,31.45,25.09,24.68,24.24,4.99,5.07,5.5,2.12,2.54,2.21,233.12,219.9,239.46,247.19,220.68,219.11,15.18,14.37,14.47,9.72,10.25,9.2,104.16,112.9,103.46,79.45,86.72,87.74,103.5,102.29,104.29,76.38,86.14,77.36,121.09,114.88,107.23,86.45,89.93,85.81,2.73,2.85,2.86,1.58,1.35,1.48,1.54,1.34,1.49,1.47,1.45,1.41,1.47,1.32,1.42,1.84,1.53,1.62,2.14,2.04,2.19,1.92,2.22,2.19,2.95,2.88,2.58,3.05,2.81,2.78,-22.89,-22.93,-22.97,120-140,140-180,120-140,<120,140-180,<120,6.5-8,6.5-8,<5,>8,5-6.5,5-6.5,<3.8,>3.8,<3.8,<3.8,<3.8,>3.8,<7.8,<7.8,<7.8,<7.8,<7.8,<7.8,25-30,18.5-25,18.5-25,25-30,25-30,18.5-25,50-60
Noord-West,29.37,31.54,29.67,24.71,24.93,25.88,4.92,4.79,5.19,2.4,2.52,2.4,238.58,238.47,222.86,233.15,244.4,231.65,15.37,14.84,14.41,10.55,9.58,9.42,105.17,110.1,108.92,84.75,87.17,83.62,98.37,96.84,93.38,87.22,84.94,83.18,122.12,122.2,107.96,95.84,91.08,89.58,2.46,2.88,2.8,1.38,1.35,1.57,1.5,1.4,1.7,1.52,1.35,1.45,1.61,1.31,1.3,1.72,1.67,1.63,2.31,2.16,2.21,1.78,2.27,2.15,3.1,2.99,2.76,2.88,2.82,2.84,-24.44,-24.48,-24.52,>180,120-140,140-180,<120,>180,>180,>8,<5,<5,<5,>8,<5,>3.8,<3.8,>3.8,>3.8,>3.8,>3.8,<7.8,>11.1,>11.1,>11.1,>11.1,>11.1,25-30,>30,<18.5,<18.5,>30,<18.5,60-70
Osdorp,164.11,152.46,151.31,228.49,221.91,223.56,9.26,8.94,8.67,13.9,13.23,14.39,319.76,344.71,349.71,443.51,414.94,455.56,23.59,23.92,23.71,38.5,39.15,39.66,81.23,80.11,83.8,75.86,77.24,77.05,76.55,74.65,71.65,71.67,71.7,74.25,80.92,84.01,88.67,83.48,83.25,85.5,2.72,2.45,2.31,1.33,1.6,1.41,1.62,1.76,1.65,1.57,1.7,1.35,1.6,1.7,1.7,1.41,1.6,1.41,1.47,1.63,1.42,1.42,1.36,1.55,2.33,2.02,2.11,1.9,1.86,2.09,-1.45,-1.66,-1.33,>180,120-140,140-180,120-140,120-140,140-180,5-6.5,6.5-8,5-6.5,5-6.5,>8,5-6.5,>3.8,<3.8,>3.8,<3.8,>3.8,>3.8,>11.1,7.8-11,7.8-11,7.8-11,7.8-11,>11.1,>30,>30,25-30,>30,25-30,25-30,40-50
Osdorp,155.91,152.03,162.7,235.96,229.76,246.43,9.77,9.5,8.69,14.64,13.87,14.27,335.04,320.57,330.47,407.64,428.36,429.06,25.96,25.67,23.9,36.43,40.12,38.51,76.72,80.33,80.58,75.06,77.64,80.05,69.74,67.62,73.38,72.02,78.29,77,87.81,81.09,84.95,77.23,85.28,85.69,2.56,2.55,2.35,1.34,1.58,1.3,1.52,1.59,1.56,1.51,1.57,1.37,1.66,1.65,1.58,1.5,1.57,1.47,1.48,1.64,1.45,1.34,1.37,1.53,2.07,2.33,2.03,2.04,1.79,2.15,-1.4,-1.6,-1.27,120-140,120-140,<120,>180,120-140,>180,5-6.5,<5,<5,5-6.5,6.5-8,5-6.5,<3.8,<3.8,<3.8,<3.8,<3.8,<3.8,7.8-11,<7.8,<7.8,<7.8,<7.8,7.8-11,>30,>30,25-30,25-30,18.5-25,18.5-25,50-60
Osdorp,167.84,162.72,159.42,229.97,233.61,222.65,9.66,8.94,9.61,14.48,14.29,14.67,341.19,335.59,336.47,416.89,422.72,440.46,23.79,23.89,24.61,38.19,41.11,38.69,83.8,73.61,74.91,82.28,81.05,81.88,75.39,72.89,76.78,71.19,74.5,79.63,87.49,78.39,87.38,76.98,81.5,84.33,2.5,2.52,2.22,1.34,1.46,1.41,1.48,1.67,1.7,1.65,1.55,1.36,1.58,1.85,1.67,1.45,1.63,1.45,1.4,1.79,1.63,1.38,1.5,1.76,2.27,2.25,2.04,1.99,1.94,2.04,-1.37,-1.56,-1.24,<120,>180,>180,>180,>180,120-140,>8,>8,>8,>8,>8,>8,>3.8,>3.8,>3.8,>3.8,>3.8,>3.8,>11.1,>11.1,>11.1,<7.8,>11.1,>11.1,<18.5,18.5-25,18.5-25,<18.5,25-30,<18.5,60-70
Oud-Noord,119,116.51,131.22,125.34,122.88,127.87,29.02,28.49,28.29,23.17,23.13,25.9,1772.43,1906.75,1745.6,2347.7,2263.65,2206.81,24.55,24.9,23.99,63.93,61.53,58.21,63.61,62.63,63.61,63.59,65.67,62.16,60.65,56.04,59.57,60.77,58.41,59.12,69.04,67.02,64.56,88.75,92.09,85.77,1.48,1.62,1.35,10.47,10.21,10.78,1.45,1.48,1.44,2.28,2.2,2.25,1.51,1.81,1.62,2.8,2.96,3,1.4,1.44,1.36,1.73,1.75,1.83,2.24,2.09,1.99,2.59,3.1,2.83,4.88,4.8,4.95,140-180,120-140,120-140,120-140,120-140,120-140,6.5-8,5-6.5,5-6.5,5-6.5,5-6.5,6.5-8,>3.8,>3.8,<3.8,>3.8,<3.8,<3.8,>11.1,>11.1,>11.1,>11.1,7.8-11,>11.1,25-30,25-30,25-30,>30,18.5-25,>30,40-50
Oud-Noord,118.62,132.92,115.75,128.99,125.63,124.19,28.7,29.98,28.77,26.07,25.61,22.97,1986.37,1968.88,1743.64,2109.96,2116.28,2236.02,23.79,24.37,23.42,56.15,57.15,60.27,62.81,61.72,62.72,69.37,61.42,67.46,60.96,53.99,57.95,57.63,56.29,61.46,64.45,67.33,69.39,85.14,95.22,88.49,1.38,1.61,1.3,11.49,10.42,10.65,1.47,1.43,1.35,2.37,2.24,2.36,1.34,1.66,1.53,2.85,2.91,3.27,1.47,1.46,1.28,1.74,1.9,1.9,2.16,2.13,1.94,2.59,2.98,2.86,5.38,5.3,5.45,120-140,<120,<120,>180,<120,140-180,5-6.5,<5,5-6.5,<5,6.5-8,<5,<3.8,<3.8,<3.8,<3.8,>3.8,>3.8,<7.8,7.8-11,<7.8,<7.8,<7.8,<7.8,18.5-25,18.5-25,25-30,18.5-25,<18.5,18.5-25,50-60
Oud-Noord,121.07,130.51,122.28,124.67,116.29,115.25,28.79,28.06,28.01,23.95,25.59,22.87,1944.18,1853.59,1816.58,2264.42,2185,2169.14,23.21,23.01,24.94,58.03,59.36,58.65,57.78,63.87,56.36,69.53,65.89,65.01,61.16,53.64,58.97,61.06,60.41,62.75,68.77,64.67,64.04,87.85,87.47,83.83,1.47,1.48,1.33,10.67,10.63,10.96,1.43,1.47,1.45,2.31,2.2,2.38,1.43,1.79,1.51,2.96,3.01,3.23,1.3,1.48,1.29,1.74,1.9,1.86,2.07,2.39,1.97,2.93,3.24,2.96,5.13,5.05,5.2,140-180,<120,>180,>180,120-140,<120,>8,>8,>8,>8,<5,>8,<3.8,<3.8,<3.8,<3.8,>3.8,>3.8,>11.1,>11.1,>11.1,>11.1,<7.8,<7.8,<18.5,25-30,18.5-25,<18.5,<18.5,<18.5,60-70
Oud-Oost,140.34,139,130.98,145.02,144.52,136.94,32.64,32.94,32.15,21.61,22.66,21.9,179.76,181.2,186.62,195.72,193.38,206.5,18.92,20.76,19.24,12.05,11.78,13.42,73.1,79.67,80.33,77.15,85.04,77.21,73.03,69.21,71.01,77.83,78.85,77.96,86.49,86.15,88.19,84.8,89.44,90.12,2.03,1.78,1.91,2.33,2.16,2.28,2.13,1.98,2.44,2.81,2.7,2.96,2.78,2.82,2.95,3.53,3.63,3.73,1.7,1.57,1.34,2.1,2.19,2.13,2.04,2,2.07,3.46,3.39,3.62,6.75,6.63,6.64,120-140,120-140,120-140,120-140,140-180,120-140,5-6.5,5-6.5,5-6.5,5-6.5,5-6.5,5-6.5,<3.8,>3.8,>3.8,>3.8,>3.8,<3.8,7.8-11,7.8-11,7.8-11,7.8-11,7.8-11,<7.8,25-30,25-30,>30,25-30,25-30,25-30,40-50
Oud-Oost,136.09,147.6,135.19,135.14,150.1,141.12,34.91,35.02,32.71,21.35,19.68,20.56,174.44,184.31,176.03,196.44,191.04,202.08,19.26,19.35,19.42,12.26,11.76,12.85,79.85,79.98,75.05,82.45,82.01,87.28,74.1,72.68,69.59,79.84,85.1,76.9,81.23,88.58,87.09,95.05,82.3,84.48,1.91,1.93,1.96,2.52,2.22,2.34,2.08,2,2.37,2.77,2.77,2.86,2.66,2.63,2.89,3.61,3.59,3.44,1.61,1.55,1.44,2.28,2.2,2.06,1.89,2.05,2.21,3.23,3.2,3.51,7.04,6.91,6.93,<120,140-180,<120,120-140,140-180,<120,<5,<5,<5,5-6.5,5-6.5,5-6.5,<3.8,<3.8,<3.8,<3.8,<3.8,<3.8,<7.8,<7.8,<7.8,7.8-11,7.8-11,7.8-11,<18.5,25-30,>30,18.5-25,18.5-25,18.5-25,50-60
Oud-Oost,141.27,150.68,144.1,134.18,135.15,140.63,33.39,30.62,30.74,21.56,21.32,22.22,194.85,172.23,194.22,210.13,193.48,198.85,18.46,19.29,19.3,13.35,12.81,12.53,70.2,78.88,72.83,87.36,87.19,81.68,74.4,69.75,71.7,74.91,82.43,83.16,79.96,82.74,85.29,82.96,93.01,91.82,2.15,1.77,1.98,2.32,2.18,2.57,2.12,2.19,2.37,3.18,2.75,2.9,2.66,2.77,3.02,3.33,3.61,3.52,1.68,1.48,1.29,2.29,2.17,2.11,1.86,2.09,1.98,3.13,3.48,3.45,6.83,6.71,6.73,<120,>180,>180,>180,120-140,>180,>8,>8,>8,5-6.5,>8,>8,>3.8,>3.8,>3.8,<3.8,<3.8,>3.8,>11.1,<7.8,<7.8,>11.1,7.8-11,>11.1,<18.5,<18.5,18.5-25,<18.5,<18.5,18.5-25,60-70
"Oud-West, De Baarsjes",197.53,197.07,189.8,250.18,273.24,270.33,17.43,18.32,19.39,11.96,12.31,11.72,17.2,16.05,17.57,22.03,23.98,22.44,3.13,2.89,2.89,1.63,1.46,1.56,82.97,89.46,82.75,107.7,106.5,102.36,75.07,72.76,80.7,79.65,83.76,84.06,87.36,95.21,95.36,103.99,109.42,100.41,2.33,2.45,2.25,5.12,5.59,5.59,2.08,1.93,2.07,2.93,3.11,3.12,1.51,1.46,1.79,1.42,1.66,1.67,1.33,1.45,1.63,1.56,1.64,1.37,2.56,3.02,3.08,2.16,1.94,2.14,18.14,18.33,18.15,140-180,140-180,>180,<120,120-140,140-180,>8,>8,<5,5-6.5,5-6.5,5-6.5,>3.8,>3.8,<3.8,>3.8,>3.8,>3.8,7.8-11,7.8-11,>11.1,7.8-11,7.8-11,>11.1,25-30,25-30,25-30,25-30,25-30,18.5-25,40-50
"Oud-West, De Baarsjes",196.46,186.17,177.88,250.94,287.88,254.13,19.72,19.48,17.28,11.95,12.53,11.4,17.64,16,16.45,24.65,22.06,23.33,2.91,2.93,3.03,1.75,1.44,1.59,79.2,81.21,85.98,99.29,100.22,100.01,83.13,75.04,77.62,77.8,80.43,84.36,93.32,84.4,87.17,106.63,102.01,108.65,2.29,2.25,2.17,5.17,5.47,5.26,2.37,2.1,2.22,2.82,3.25,2.92,1.35,1.35,1.64,1.3,1.75,1.55,1.43,1.45,1.44,1.54,1.77,1.33,2.78,3.09,2.97,2.28,1.97,2.08,17.05,17.23,17.06,<120,<120,<120,140-180,<120,120-140,5-6.5,<5,>8,<5,5-6.5,5-6.5,<3.8,>3.8,<3.8,<3.8,>3.8,<3.8,7.8-11,<7.8,7.8-11,>11.1,<7.8,<7.8,18.5-25,<18.5,18.5-25,<18.5,25-30,>30,50-60
"Oud-West, De Baarsjes",187.89,179.08,190.29,253.39,268.83,278.61,18.5,17.27,18.15,12.16,11.44,12.34,16.33,16.24,16.6,22.26,23.22,23.2,2.92,3.03,2.68,1.75,1.58,1.66,87.9,83.06,79.14,107.36,108.33,97.47,73.07,77.42,73.24,77.41,81.39,82.26,87.76,93.86,87.71,100.16,109.44,109.58,2.22,2.43,2.43,5.44,5.12,5.59,2.11,2.06,2.24,2.98,2.97,2.97,1.41,1.34,1.72,1.42,1.69,1.65,1.43,1.45,1.53,1.41,1.63,1.51,2.65,2.85,2.72,2.29,1.91,2.11,16.31,16.48,16.32,>180,>180,<120,120-140,<120,>180,5-6.5,>8,<5,<5,>8,>8,>3.8,<3.8,>3.8,<3.8,<3.8,<3.8,<7.8,>11.1,>11.1,>11.1,>11.1,>11.1,18.5-25,<18.5,<18.5,>30,<18.5,<18.5,60-70
Oud-Zuid,2324.7,2350.53,2584.65,2415.38,2263.06,2325.88,67.05,67.12,61.37,86.69,84.73,85.52,28.38,29.34,28.67,12.94,13.09,13.06,1.09,1.16,1.12,0.55,0.72,0.49,76.12,85.47,84.17,77.84,80,74.36,39.47,42.57,43.68,68.99,70.01,71.24,135.17,126.28,128.63,84.52,87.84,81.81,22.23,21.4,23.84,2.44,2.37,2.67,1.43,1.58,1.63,1.47,1.65,1.8,1.39,1.72,1.64,1.42,1.51,1.55,1.48,1.53,1.49,1.71,1.3,1.45,2.25,2.09,2.18,2.23,2.34,2.28,-5.2,-5.38,-5.11,>180,120-140,140-180,120-140,140-180,120-140,5-6.5,5-6.5,5-6.5,5-6.5,5-6.5,6.5-8,>3.8,>3.8,<3.8,<3.8,>3.8,>3.8,7.8-11,7.8-11,7.8-11,7.8-11,7.8-11,7.8-11,25-30,>30,25-30,25-30,25-30,25-30,40-50
Oud-Zuid,2425.61,2322.54,2467.07,2344.13,2282.17,2539.91,63.2,63.31,59.94,89.07,94.9,95.34,27.73,27.12,30.52,11.8,12.2,13.5,1,1.08,1.23,0.52,0.69,0.46,84.21,80.58,80.78,82.71,81.15,75.29,38.5,41.3,41.78,74.33,70.1,73.62,124.11,134.6,125.95,82.49,87.38,83.6,22.84,22.4,22.69,2.52,2.35,2.83,1.46,1.47,1.59,1.59,1.59,1.77,1.45,1.63,1.64,1.36,1.32,1.54,1.33,1.44,1.45,1.75,1.35,1.32,2.28,2.06,2.1,2.15,2.18,2.23,-4.9,-5.07,-4.81,120-140,120-140,<120,120-140,<120,<120,<5,<5,<5,6.5-8,<5,<5,<3.8,>3.8,<3.8,<3.8,<3.8,<3.8,7.8-11,<7.8,<7.8,<7.8,<7.8,7.8-11,18.5-25,18.5-25,25-30,25-30,25-30,25-30,50-60
Oud-Zuid,2292.7,2375.83,2481.62,2273.36,2419.96,2274.79,63.06,67.84,62.01,94.05,89.37,85.59,27.85,29.06,27.67,12.63,13.31,13.38,1.05,1.2,1.11,0.51,0.69,0.48,76.91,80.58,82.73,71.57,74.99,78.27,38.83,40.21,43.69,68.23,71.29,74.55,130.18,123.92,128.05,83.3,82.93,80.83,24.37,21.3,21.77,2.43,2.49,2.76,1.47,1.4,1.54,1.4,1.77,1.85,1.46,1.61,1.81,1.51,1.5,1.6,1.38,1.47,1.52,1.61,1.26,1.5,2.15,2.08,2.05,2.07,2.04,2.12,-5.59,-5.79,-5.5,140-180,>180,>180,>180,140-180,<120,>8,>8,>8,>8,>8,<5,>3.8,>3.8,>3.8,>3.8,<3.8,>3.8,>11.1,>11.1,>11.1,>11.1,>11.1,>11.1,<18.5,<18.5,>30,25-30,18.5-25,<18.5,60-70
Sloterdijk Nieuw-West,1154.19,1297.18,1199.28,1656.75,1584.04,1580.16,57.26,53.43,50.73,101.88,99.48,100.18,120.85,122.75,137.82,104.19,113.57,106.36,11.07,11.43,11.45,14.9,14.44,14.79,66.56,70.68,70.01,75.92,80.87,75.17,69.49,71.65,73.21,61.71,69.79,68.59,67.18,67.29,68.03,86.25,89.72,82.77,1.39,1.11,1.2,6.57,6.12,6.34,1.3,1.45,1.74,2.09,2.08,2.35,2.11,2.06,2.42,1.48,1.68,1.71,1.46,1.44,1.49,2.05,1.86,1.9,1.92,2.02,1.76,2.19,2.23,1.96,8.29,8.18,8.06,140-180,140-180,120-140,>180,120-140,120-140,5-6.5,5-6.5,5-6.5,5-6.5,>8,6.5-8,>3.8,<3.8,>3.8,>3.8,>3.8,<3.8,7.8-11,7.8-11,<7.8,7.8-11,7.8-11,>11.1,>30,25-30,25-30,>30,25-30,18.5-25,40-50
Sloterdijk Nieuw-West,1197.3,1150.51,1164.76,1673.98,1514.87,1682.21,53.91,52.89,55.63,103.27,90.04,90.1,134.76,121.91,132.1,103.91,116.63,110.83,11.66,11.4,11.05,14.01,14.02,14.28,75.19,74.28,73.83,79.3,77.68,81.89,64.29,69.93,67.22,65.55,64.83,69.83,68.64,68.2,71.3,81.94,85.12,90.74,1.3,1.09,1.27,6.08,6.35,6.7,1.29,1.53,1.68,2.01,2.23,2.19,1.94,1.96,2.13,1.56,1.7,1.63,1.4,1.39,1.51,1.99,1.96,2.09,1.93,2.03,1.88,2.14,2.24,1.98,9.54,9.41,9.27,<120,<120,120-140,140-180,120-140,<120,<5,<5,<5,<5,5-6.5,<5,<3.8,<3.8,<3.8,>3.8,<3.8,<3.8,<7.8,<7.8,<7.8,<7.8,<7.8,<7.8,25-30,18.5-25,18.5-25,25-30,18.5-25,25-30,50-60
Sloterdijk Nieuw-West,1294.1,1169.18,1285.34,1502.73,1477.27,1661.64,53.66,53.18,51.19,97.87,102.69,104.12,133.51,125.83,134.86,114.01,110.2,109.01,11.96,11.56,11.9,14.33,14.04,14.5,75.37,73.68,67.79,76.81,83.73,78.16,73.41,65,63.53,64.88,67.92,65.6,72.64,71.61,76.46,88.56,90.18,82.97,1.27,1.05,1.29,6.34,6.73,6.55,1.36,1.44,1.87,2.25,2.15,2.21,1.98,2.02,2.26,1.6,1.72,1.7,1.37,1.46,1.44,2.12,1.9,2.08,1.89,2.21,1.73,2.05,2.01,1.97,9.05,8.93,8.79,<120,<120,140-180,<120,>180,>180,5-6.5,>8,5-6.5,>8,>8,>8,>3.8,>3.8,>3.8,>3.8,>3.8,>3.8,>11.1,>11.1,>11.1,<7.8,<7.8,>11.1,18.5-25,18.5-25,18.5-25,>30,<18.5,<18.5,60-70
Slotervaart,79.41,70.84,72.34,56.37,53.87,52.81,51.69,48.95,46.55,31.32,33.28,33.77,42.12,39.55,41.81,37.88,36.75,37.91,18.96,19.01,18.45,13.2,13.31,12.98,74.8,73.49,81.25,71.29,73.12,74.02,65.61,68.12,67.41,67.71,67.3,64.77,83.14,86.01,89.92,76.53,84.75,78.78,5.06,4.81,4.43,1.91,1.81,1.63,1.35,1.49,1.42,1.95,2.21,2,1.67,1.65,1.63,2.25,2.11,2.23,1.61,1.34,1.59,2.33,2.4,2.31,2.9,2.56,2.61,2.22,2.19,2.03,-2.14,-2.22,-2.17,>180,>180,120-140,>180,140-180,>180,6.5-8,5-6.5,5-6.5,5-6.5,5-6.5,5-6.5,>3.8,>3.8,>3.8,>3.8,<3.8,>3.8,>11.1,>11.1,7.8-11,>11.1,7.8-11,7.8-11,>30,25-30,25-30,25-30,25-30,25-30,40-50
Slotervaart,79.75,76.65,75.09,54.9,53.9,55.19,49,47.39,47.64,31.15,32.55,33.76,39.51,40.56,41.42,37.62,38.03,34.67,19.36,19.67,18.45,14.31,14.52,13.65,73.42,74.54,75,78.2,73.55,68.71,68.77,67.19,69.21,64.93,68.59,71.82,91.34,88.96,85.73,79.71,80.87,84.49,4.96,4.68,4.81,1.86,1.98,1.64,1.54,1.61,1.41,1.99,2.03,2.19,1.63,1.56,1.61,2.46,2.12,2.19,1.55,1.42,1.51,2.35,2.6,2.5,3.05,2.89,2.55,2.04,2.2,2,-2.01,-2.08,-2.03,140-180,120-140,120-140,140-180,<120,120-140,5-6.5,<5,<5,6.5-8,<5,<5,<3.8,<3.8,<3.8,<3.8,>3.8,<3.8,<7.8,<7.8,<7.8,7.8-11,7.8-11,<7.8,18.5-25,25-30,18.5-25,>30,18.5-25,18.5-25,50-60
Slotervaart,77.14,69.16,71.53,56.08,54.5,59.44,44.7,47.73,51.59,34.64,31.68,33.26,44.31,42.27,42.5,38.68,35.8,35.41,20.85,19.11,19.98,13.65,14.4,14.59,72.34,75.68,78.26,77.78,71.56,77.49,71.32,62.35,67.46,71.71,72.87,70.88,80.94,87.43,91.45,83.35,78.54,76.07,4.95,4.59,4.54,1.89,1.79,1.64,1.35,1.61,1.41,2.09,2.05,2.04,1.66,1.66,1.65,2.29,2.04,2.28,1.62,1.37,1.53,2.39,2.68,2.64,2.89,2.64,2.65,2.11,2.21,1.95,-1.93,-2,-1.95,>180,>180,<120,120-140,120-140,>180,>8,5-6.5,>8,>8,>8,>8,>3.8,<3.8,>3.8,<3.8,<3.8,>3.8,>11.1,>11.1,>11.1,>11.1,>11.1,>11.1,<18.5,<18.5,<18.5,18.5-25,18.5-25,<18.5,60-70
Watergraafsmeer,2656.24,2622.39,2653.27,3241.71,3338.09,3500.02,29.06,28.28,30.36,89,93.17,97.97,108.31,124.03,120.52,157.24,151.79,152.79,12.9,12.58,13.55,6.12,6.19,6.46,47.24,44.64,50.49,103.76,98.37,100.54,43.36,45.66,42.71,41.61,40.32,37.46,51.43,47.33,48.7,110.96,107.23,108.73,1.9,2.18,2.16,16.54,16.32,15.36,1.74,1.48,1.48,1.32,1.43,1.52,1.6,1.75,1.45,1.53,1.4,1.57,2.12,2.08,2.02,1.36,1.6,1.57,3.77,3.6,3.36,2.05,2.18,2.05,53.71,53.76,53.9,120-140,>180,120-140,140-180,140-180,140-180,5-6.5,5-6.5,5-6.5,5-6.5,6.5-8,5-6.5,<3.8,>3.8,>3.8,<3.8,<3.8,>3.8,>11.1,7.8-11,7.8-11,7.8-11,7.8-11,7.8-11,25-30,25-30,<18.5,>30,25-30,25-30,40-50
Watergraafsmeer,2721.88,2872.89,2684.2,3522.7,3261.95,3508.83,29.28,29.65,29.24,98.79,98.43,90.27,115.38,122.97,119.41,153.4,150.01,163.54,12.76,14.28,12.75,6.21,6.43,6.28,48.37,50.4,49.15,94.2,104.75,97.45,43.85,40.69,43.9,36.56,41.72,40.03,49.67,49.72,48.46,110.22,114.38,102.82,1.94,2.26,2.23,16.36,15.48,16.92,1.65,1.36,1.48,1.36,1.42,1.57,1.43,1.76,1.47,1.49,1.31,1.55,2.31,2.16,1.98,1.46,1.55,1.62,3.85,3.7,3.6,2.15,2.06,1.97,48.61,48.65,48.78,<120,<120,<120,<120,140-180,120-140,5-6.5,<5,<5,<5,<5,6.5-8,>3.8,<3.8,>3.8,<3.8,<3.8,>3.8,<7.8,<7.8,<7.8,<7.8,7.8-11,7.8-11,18.5-25,25-30,18.5-25,18.5-25,25-30,18.5-25,50-60
Watergraafsmeer,2648.01,2789.27,2758.11,3238.86,3460.22,3233.79,27.21,28.73,28.68,89.58,97.68,98.44,111.72,116.74,118.03,142.81,144.89,147.82,12.25,13.58,12.64,6.05,6.72,6.87,47.18,48.86,45.26,95.56,102.93,97.35,42.13,40.87,46.12,39.6,38.35,37.49,50.56,52.27,50.18,107.16,100.17,107.41,2.08,2.09,2.04,16.42,16.84,16.88,1.8,1.54,1.48,1.44,1.36,1.58,1.47,1.82,1.54,1.67,1.32,1.6,2.07,2.02,1.93,1.38,1.63,1.67,3.82,3.5,3.68,2.07,2.04,2.04,49.58,49.62,49.76,<120,>180,>180,<120,>180,140-180,>8,>8,>8,<5,>8,>8,<3.8,>3.8,>3.8,>3.8,<3.8,>3.8,<7.8,<7.8,>11.1,>11.1,>11.1,>11.1,18.5-25,>30,<18.5,<18.5,<18.5,<18.5,60-70
"Weesp, Driemond",118.3,114.22,114.73,133.67,131.87,134.34,70,66.16,69.26,55.1,60.42,61.36,158.25,158.99,142.99,206.66,218.78,219.57,16.84,15.25,16.27,11.11,12.08,12.26,63.55,63.54,60.36,73.35,74.4,78.51,52.8,52.5,58.68,62.41,63.31,61.09,82.26,88.24,85.08,85.95,81.73,80.63,10.17,9.76,9.16,5.07,5.48,5.65,2.17,2.27,2.05,1.57,1.75,1.5,3.07,2.86,2.94,3.09,2.86,2.93,1.7,1.45,1.64,2.3,1.98,2.35,3.32,3.77,3.4,2.95,3.17,2.71,13.67,13.6,13.82,<120,120-140,120-140,120-140,120-140,120-140,5-6.5,5-6.5,5-6.5,6.5-8,5-6.5,5-6.5,>3.8,>3.8,>3.8,<3.8,>3.8,>3.8,7.8-11,>11.1,7.8-11,7.8-11,7.8-11,7.8-11,25-30,25-30,25-30,>30,>30,25-30,40-50
"Weesp, Driemond",125.43,116.13,111.41,126.43,128.8,138.3,68.35,66.9,65.01,54.76,57.49,58.95,152.33,143.04,153.05,204.02,232.83,223.41,16.79,17.13,15.24,12.14,11.91,11.13,62.52,61.55,64.58,78.54,73.05,79.51,51.83,56.51,54.98,61.6,59.11,65.86,87.17,81.64,89.03,88.43,87.92,77.01,10.42,10.63,10.13,5.36,5.49,5.07,2.13,2.36,2.29,1.73,1.6,1.52,3.02,3.14,2.71,2.88,3.01,2.84,1.76,1.54,1.57,2.29,1.95,2.31,3.34,3.96,3.47,2.75,3.03,2.76,14.39,14.31,14.55,120-140,<120,140-180,<120,<120,120-140,<5,<5,<5,<5,<5,<5,>3.8,>3.8,<3.8,<3.8,<3.8,>3.8,<7.8,7.8-11,<7.8,<7.8,<7.8,<7.8,18.5-25,<18.5,18.5-25,18.5-25,<18.5,25-30,50-60
"Weesp, Driemond",112.21,115.53,117.65,125.09,124.54,125.24,67.13,69.43,70.32,60.32,57.27,59.22,155.29,159.93,150.18,213.06,222.39,218.24,16.55,15.48,17.4,11.01,11.17,11.69,64,62.11,58.94,76.33,73.21,77.79,53.85,55.16,58.58,65.53,58.53,62.81,90.69,84.78,86.21,88.57,79.35,78.37,9.94,9.93,9.92,5.08,5.65,5.17,2.34,2.2,2.13,1.54,1.74,1.61,3.24,3.09,2.87,3.1,3.09,2.83,1.76,1.39,1.63,2.34,1.84,2.29,3.29,3.53,3.55,2.92,2.79,3.05,14.92,14.84,15.08,>180,>180,>180,<120,>180,<120,<5,>8,>8,>8,>8,>8,>3.8,>3.8,<3.8,>3.8,>3.8,>3.8,<7.8,<7.8,>11.1,>11.1,>11.1,<7.8,<18.5,>30,<18.5,<18.5,<18.5,>30,60-70
Westerpark,57.93,64.69,58.28,46.93,48.77,49.04,37.49,40.95,38.33,36.42,35.08,36.81,43.77,45.07,44.88,42.24,39.34,38.32,26.1,24.71,25.05,16.82,18.42,16.39,56.57,61.03,62.46,76.59,69.14,73.69,54.11,54.57,57.6,60.34,54.1,59.3,77.08,74.72,78.41,89.05,86.04,87.89,5.34,5.02,4.62,7.06,7.14,6.28,1.37,1.78,1.47,1.41,1.49,1.37,3.89,3.32,3.4,2.2,2.19,2.26,1.54,1.51,1.46,1.89,2.08,2.05,2.23,2.08,1.95,1.94,2.24,2.02,12.31,12.32,12.38,140-180,>180,120-140,120-140,120-140,140-180,5-6.5,5-6.5,5-6.5,5-6.5,5-6.5,5-6.5,>3.8,<3.8,>3.8,>3.8,>3.8,>3.8,7.8-11,>11.1,<7.8,7.8-11,<7.8,>11.1,25-30,<18.5,>30,25-30,<18.5,>30,40-50
Westerpark,64.37,57.64,60.58,51.63,52.47,45.9,38.19,41.13,38.59,38.74,37.07,38.4,47.98,42.46,44.91,39.06,40.35,38.99,24.72,25.96,25.64,17.3,16.73,16.99,57.71,59.01,63.43,77.27,75.57,69.9,56.18,58.86,58.28,60.76,52.8,59.8,74.52,76.47,74.05,82.09,81.94,81.58,4.85,4.73,4.64,6.99,7.14,7,1.43,1.73,1.39,1.43,1.47,1.38,4.02,3.53,3.7,2.05,2.23,2.28,1.65,1.46,1.36,2.04,2.05,2.3,2.15,2.16,2.14,1.9,2.08,2.07,13.11,13.12,13.18,120-140,120-140,<120,<120,120-140,<120,<5,>8,5-6.5,<5,<5,<5,<3.8,>3.8,<3.8,<3.8,<3.8,<3.8,7.8-11,<7.8,7.8-11,<7.8,7.8-11,7.8-11,18.5-25,25-30,18.5-25,25-30,25-30,25-30,50-60
Westerpark,57.91,63.61,63.17,46.95,49.6,47.81,37.7,39.64,40.97,38.81,35.52,36.05,42.23,42.55,46.19,39.38,37.58,38.71,26.1,22.84,23.86,17.15,17.68,17.89,63.43,57.53,59.95,71.98,69.86,70.66,57.35,55.63,54.57,53.77,60.82,54.44,73.41,72.79,76.26,84.06,88.93,83.69,4.78,4.87,5.09,6.6,6.4,6.76,1.48,1.75,1.5,1.56,1.4,1.5,3.55,3.59,3.35,1.91,2.26,2.34,1.63,1.36,1.38,2.06,1.96,2.1,2.19,1.99,2.08,2.13,2.15,2.19,12.15,12.16,12.22,120-140,140-180,>180,>180,>180,>180,<5,5-6.5,>8,>8,>8,>8,>3.8,>3.8,>3.8,<3.8,>3.8,<3.8,>11.1,>11.1,>11.1,>11.1,<7.8,<7.8,<18.5,<18.5,<18.5,<18.5,<18.5,<18.5,60-70
